scenario,expected_outcome,context,source_files
"At a community outreach event, a taxpayer inquires about payment options for various taxes, prompting a government representative to clarify how different transactions, such as purchases subject to IVA, affect tax payment processes.","The taxpayer understands that different taxes, such as IVA, are paid through various transactions, like purchases. The government representative clarifies how tax payments are made in relation to specific operations. The taxpayer is informed about the tax payment process.","# ¿Dónde puedo pagar mis impuestos?

## Respuesta

Los impuestos se pagan en virtud de la operación que realices. Por ejemplo, el IVA (impuesto al valor agregado) se paga en cada compra que realizas.

¿Dónde puedo pagar mis impuestos?
",../old_knowledge_base_small\BD1-00010.md
"Here's a rewritten scenario under 60 words, tied to the given context:

After receiving a lump sum from a part-time job, a 22-year-old consults a financial advisor to decide between fixed-income instruments like time deposits and variable-income options like stocks for their first savings plan, considering their risk tolerance and short-term financial goals.",The 22-year-old understands the difference between fixed-income and variable-income investment options and decides on a suitable savings plan based on their risk tolerance and short-term financial goals. They choose either a stable fixed-income or a potentially higher-return variable-income option.,"# Renta fija y variable: ¿cuál es la mejor opción para tu primer ahorro?


## Respuesta

Dar el primer paso hacia el ahorro puede parecer complicado, pero entender conceptos como renta fija y variable te ayudará a tomar decisiones más informadas. Ambas opciones ofrecen ventajas, dependiendo de tus necesidades y tolerancia al riesgo:

Renta fija: Se basa en instrumentos como depósitos a plazo o bonos. Ofrecen mayor estabilidad porque el rendimiento es predecible y seguro.

Renta variable: Incluye instrumentos como acciones. Pueden ser más riesgosos, pero también ofrecen la posibilidad de mayores retornos.

¿Cómo elegir?

Si buscas seguridad, empieza por la renta fija. Es ideal para quienes prefieren minimizar riesgos y necesitan resultados más predecibles. Además, antes de invertir, analiza tus metas financieras, infórmate bien y consulta las diferentes opciones que se adapten a tu situación actual.

Ahorrar, por pequeño que sea el monto, es una excelente manera de construir tranquilidad financiera a largo plazo. ¡La clave está en conocer las alternativas y elegir la que mejor se ajuste a tu realidad!

Renta fija y variable: ¿cuál es la mejor opción para tu primer ahorro?

---
**Fuente**: https://www.educacionfinancierabancoestado.cl/quiero-ahorrar/detalle-quiero-ahorrar/c%C3%B3mo-ahorrar-si-tengo-ingresos-irregulares",../old_knowledge_base_small\BD1-00086.md
"During a 30-minute initial consultation on a Monday morning, a financial advisor explains to a novice investor how setting up automatic transfers of 10% of their monthly income can help achieve their long-term goal of buying a house within two years.",The novice investor understands how setting up automatic transfers of 10% of their monthly income can help them achieve their goal of buying a house within two years. The financial advisor and the investor agree on a plan to implement automatic savings.,"# Ahorro automático: la clave para alcanzar tus metas financieras


## Respuesta

¿Te gustaría ahorrar dinero sin tener que pensarlo dos veces? El ahorro automático es una herramienta poderosa que te permite alcanzar tus metas financieras de manera sencilla y efectiva. Descubre cómo esta práctica puede transformar tu relación con el dinero.

¿Qué es el ahorro automático?Es una estrategia financiera en la que se programan transferencias regulares de una parte del ingreso hacia una cuenta de ahorros, sin necesidad de intervención manual. Esto ayuda a ahorrar de manera constante y facilita la acumulación de fondos a lo largo del tiempo, promoviendo una gestión más eficiente y ordenada del dinero.

¿Qué beneficios tiene el ahorro automático?

● Facilidad y comodidad.

● Consistencia en el ahorro.

● Mayor disciplina financiera.

● Ganancias extra por intereses.

¿Cómo implementar el ahorro automático?

● Establecer una meta clara: Define para qué estás ahorrando.

● Elegir el monto a ahorrar: Calcula un porcentaje de tus ingresos.

● Automatizar los pagos: Configura transferencias automáticas.

Consejos adicionales:

● Sé paciente: Los resultados se ven a largo plazo.

● Revisa tus metas periódicamente: Ajusta tu plan de ahorro si es necesario.

El ahorro automático es una estrategia simple pero efectiva para construir tu futuro financiero. Al automatizar tus ahorros, estarás más cerca de alcanzar tus metas y disfrutar de mayor tranquilidad económica.

Ahorro automático: la clave para alcanzar tus metas financieras

---
**Fuente**: https://www.educacionfinancierabancoestado.cl/quiero-ahorrar/detalle-quiero-ahorrar/ahorro-autom%C3%A1tico-la-clave-para-alcanzar-tus-metas-financieras",../old_knowledge_base_small\BD1-00101.md
"Here's a rewritten scenario that complicates the given scenario while preserving factual correctness according to the supporting information in the context:

A bank customer, unfamiliar with Spanish, asks a financial advisor to clarify the 'cartola de gastos operacionales' document mentioned in their mortgage paperwork, but the advisor must first translate the term and then explain the listed charges, such as 'inscripción conservatoria' and 'tasación', during their meeting.","The customer understands the purpose and content of the 'cartola de gastos operacionales' document, including the specific operational expenses listed, after the financial advisor's explanation and translation. The customer is informed about the charges related to their mortgage.","# Qué es la cartola de gastos operacionales

## Respuesta

Es el documento que muestra los movimientos y saldos relacionados a los gastos operacionales incurridos para cursar el crédito hipotecario, tales como: inscripción conservatoria, tasación, estudio de títulos y redacción de escritura.

Qué es la cartola de gastos operacionales
",../old_knowledge_base_small\BD1-00143.md
"A social worker and a client discuss obtaining a certificate of food pension at a community center, but the client is unsure if they meet the eligibility criteria due to a recent change in their employment status, complicating the process.","The social worker and client determine the client's eligibility for the certificate of food pension based on their updated employment status, and identify the necessary steps to obtain the certificate. The client understands what information to provide to verify their eligibility.","# Qué es el certificado de pensión de alimento y donde se obtiene

## Respuesta

Es un documento que emite el Servicio de Registro Civil que acredita la existencia o no de inscripciones en el Registro Nacional de Deudores de Pensión de Alimentos.

Qué es el certificado de pensión de alimento y donde se obtiene
",../old_knowledge_base_small\BD1-00144.md
"At a bank's mortgage application counter, a first-time buyer inquires about the minimum work experience required for a mortgage. The loan officer explains that it varies, citing differences for freelancers and salaried employees, as per the bank's internal guidelines.","The loan officer informs the first-time buyer that the minimum work experience required for a mortgage varies based on the type of employment, such as freelancers or salaried employees. The buyer understands the bank's specific requirements.","# Antigüedad y Situación Laboral para Solicitar Crédito Hipotecario

## Respuesta

La antigüedad laboral mínima requerida se encuentra en función de la actividad o tipo de ingreso del cliente. (diferencias en sitio público)

Antigüedad y Situación Laboral para Solicitar Crédito Hipotecario
",../old_knowledge_base_small\BD1-00594.md
"During a review meeting, a bank loan officer and colleague scrutinize a loan applicant's creditworthiness, debating whether the applicant's current debt-to-income ratio and recent late payments on existing financial obligations meet the bank's stringent 'good behavior and indebtedness' criteria.","The loan officer and colleague reach a decision on whether the applicant's creditworthiness meets the bank's 'good behavior and indebtedness' criteria, based on their debt-to-income ratio and payment history. The decision determines whether the loan application is approved or rejected.","# Buen comportamiento y endeudamiento

## Respuesta

Al momento de la evaluación, el o los solicitantes, deberán contar con un endeudamiento que permita al cliente asumir una obligación crediticia y un buen comportamiento de pago de sus obligaciones financieras.

Los antecedentes de endeudamiento y comportamiento deben cumplirse al momento de presentar la solicitud, como también al momento de la resolución del crédito

Buen comportamiento y endeudamiento
",../old_knowledge_base_small\BD1-00595.md
"Here's a rewritten scenario that complicates the given `Scenario` while preserving factual correctness according to the supporting information in `Context`:

During a meeting at Banco Santander Chile, a prospective homebuyer inquires about mortgage loan eligibility, prompting a bank representative to explain that Chilean nationality or permanent residency is required, subject to meeting commercial and regulatory requirements.","The prospective homebuyer understands that they must be either Chilean or have permanent residency to be eligible for a mortgage loan, pending fulfillment of commercial and regulatory requirements.","# Nacionalidad para Solicitar Crédito Hipotecario

## Respuesta

Chilena o extranjera con permanencia definitiva. Sujeto a cumplimiento de requisitos comerciales y normativos vigentes a la fecha de otorgamiento.

Nacionalidad para Solicitar Crédito Hipotecario
",../old_knowledge_base_small\BD1-00599.md
"A bank customer inquires about mortgage loan requirements, prompting a financial advisor to clarify that the down payment must come from personal resources, not from debt with BancoEstado or other financial institutions, and discuss potential implications.",The customer understands that the down payment for a mortgage loan must come from personal resources and not from debt with BancoEstado or other financial institutions. The financial advisor clarifies the requirement and potentially discusses implications for the customer's loan application.,"# Pie para solicitar Crédito Hipotecario

## Respuesta

El pie (cuota contado) debe ser aportado con recursos propios y no debe corresponder a endeudamiento en BancoEstado u otras instituciones financieras.

Pie para solicitar Crédito Hipotecario
",../old_knowledge_base_small\BD1-00600.md
"A potential homebuyer, earning $550,000, inquires about mortgage eligibility to a bank representative, exploring options to complement their income with a co-debtor or second buyer, and discusses dividend payment limits and required co-debtor income thresholds.","The bank representative informs the potential homebuyer that they do not meet the minimum liquid income requirement of $600,000, but explains options to complement their income with a co-debtor or second buyer, and discusses the associated income thresholds and dividend payment limits. The homebuyer understands the requirements and potential alternatives.","# Renta líquida Mínima para Solicitar Crédito Hipotecario

## Respuesta

Sueldo líquido mayor o igual a $600.000 con opción de complementar renta con un codeudor, con o sin vínculo, o segundo comprador. Sujeto a evaluación comercial y de riesgo vigente al momento de otorgamiento del crédito.

Opción de complementar renta con un codeudor, con o sin vínculo, o un segundo o tercer comprador. La renta de ambos ingresos debe ser mayor o igual a $900.000 pesos líquidos.

Para complementación de renta, el titular del crédito debe cumplir con la renta mínima de $600.000. Sujeto a evaluación comercial y de riesgo vigente al momento de otorgamiento del crédito.

En caso de requerir un aval, este deberá ser evaluado en forma independiente de la misma forma que el deudor directo , deberá calificar en todos los aspectos de la evaluación y cumplir con todas las normativas vigentes por sí solo.

Valor del dividendo a pagar hasta el 30% de tus ingresos mensuales.

Renta líquida Mínima para Solicitar Crédito Hipotecario
",../old_knowledge_base_small\BD1-00602.md
